group,name,weight,lon,lat
Work: CBD,Raffles Place,10,,
Work: CBD,Marina Bay,5,,
Work: CBD,Downtown,5,,
Work: CBD,Tanjong Pagar,5,,
Work: CBD,Shenton Way,5,,
Work: CBD,Bugis,5,,
Work: CBD,Orchard,5,,
Work: regional centres,one-north,2.5,,
Work: regional centres,Jurong East,2.5,,
Work: regional centres,Punggol Coast,2.5,,
Work: regional centres,Expo,2.5,,
Work: regional centres,Paya Lebar,2.5,,
Work: regional centres,Labrador Park,2.5,,
Work: regional centres,Tampines,2.5,,
Work: regional centres,Woodlands,2.5,,
Shopping and leisure,Orchard,1.5,,
Shopping and leisure,Somerset,1.5,,
Shopping and leisure,Dhoby Ghaut,1.5,,
Shopping and leisure,Promenade,1.5,,
Shopping and leisure,City Hall,1.5,,
Shopping and leisure,Bugis,1.5,,
Shopping and leisure,Maxwell,1.5,,
Shopping and leisure,Bayfront,1.5,,
Shopping and leisure,HarbourFront,1.5,,
Shopping and leisure,Holland Village,1.5,,
Shopping and leisure,Marine Parade,1.5,,
Shopping and leisure,Tampines,1.5,,
Shopping and leisure,Punggol,1.5,,
Shopping and leisure,Woodlands,1.5,,
Shopping and leisure,Paya Lebar,1.5,,
Shopping and leisure,Serangoon,1.5,,
Shopping and leisure,Stadium,2.5,,
Nature,Gardens by the Bay,2.5,,
Nature,Botanic Gardens,1.25,,
Nature,Napier,1.25,,
Nature,Chinese Garden,2.5,,
Nature,Upper Thomson,1.5,,
Nature,Tanjong Rhu,2.5,,
Other,Kranji,1,,
Other,Changi Airport,1,,
